title,image_url
이효리가 몰고 올 밀리터리 전성시대?,http://img.vogue.co.kr/vogue/2020/05/style_5ecc755d9404f-400x600.jpg
스텔라 맥카트니에게 지속 가능한 패션을 물었다,http://img.vogue.co.kr/vogue/2020/05/style_5ecc70e084545-400x534.jpg
Extraordinary Women,http://img.vogue.co.kr/vogue/2020/05/style_5ebcf189a6317-400x207.jpg
뉴질랜드에서 만난 풍경,http://img.vogue.co.kr/vogue/2020/05/style_5ec6b8472271d-400x250.jpg
메시지를 담은 백팩,http://img.vogue.co.kr/vogue/2020/05/style_5ec78bbaaa23f-400x533.jpg
코로나19로 #집콕캠페인 선택한 구찌,http://img.vogue.co.kr/vogue/2020/05/style_5ec7707d90beb-400x518.jpg
박해준의 세계,http://img.vogue.co.kr/vogue/2020/05/style_5ec6584490a24-400x500.jpg
부쉐론 라메종 팝업 부티크 오픈,http://img.vogue.co.kr/vogue/2020/05/style_5ec4f579b29a9-400x400.jpg
신현지가 세계 최고의 동양인 모델로 불리는 이유,http://img.vogue.co.kr/vogue/2020/05/style_5ec50504ba79a-400x502.jpg
"수지, 우리 시대의 얼굴",http://img.vogue.co.kr/vogue/2020/05/style_5ec502064b3a1-400x502.jpg
"이효리의 선한 영향력, 아지오!",http://img.vogue.co.kr/vogue/2020/05/style_5ec4f2f0b9170-400x500.jpg
2020 CHANEL J12,http://img.vogue.co.kr/vogue/2020/05/style_5ebd3836ef400-400x299.jpg
